time,4kb_alloc,2mb_alloc,1gb_alloc,1gb_free,2mb_free,4kb_free
0,0,0,0,134217728,0,0
2000000,1996127,1978368,2359296,127664128,219648,161
4000000,3992261,3955200,3670016,122421248,178688,315
6000000,5988357,5950464,5505024,116654080,119296,507
8000000,7984421,7960576,8126464,110100480,45568,219
10000000,9980471,9979904,9699328,104333312,224256,457
12000000,11976500,12009984,11272192,98828288,130560,204
14000000,13972664,13970432,13107200,93061120,105984,328
16000000,15968655,16015872,15204352,86769664,259072,113
18000000,17964821,17946624,17039360,81264640,2048,235
20000000,19960277,19934208,18612224,75497472,213504,43
22000000,21950966,21941248,20971520,69206016,147968,10
24000000,23903965,23874048,24117248,62128128,194048,291
26000000,25731768,25719296,26476544,56098816,190976,328
28000000,27237769,27231744,29360128,50331648,56320,119
30000000,28293221,28275200,31457280,46137344,54272,411
32000000,28903571,28868096,32505856,43778048,155136,7021
34000000,29328440,29343232,32243712,43253760,4096,44488
36000000,29728026,29755392,31981568,42467328,196608,88806
38000000,29981383,29983744,31719424,42205184,64512,263481
40000000,30236852,30228992,31719424,41418752,214528,399180
42000000,30361880,30383104,31981568,40632320,230400,628456
44000000,30576703,30583808,31719424,40370176,190464,777153
46000000,30530090,30544896,33030144,38797312,178176,1137110
48000000,30562586,30638592,32768000,38797312,38912,1412326
50000000,30453689,30563328,33816576,37486592,95232,1802311
52000000,30325886,30462976,33554432,37486592,186368,2201474
54000000,30284950,30451200,32768000,38010880,184832,2517866
56000000,30167737,30288384,35127296,35651584,77312,2905415
58000000,29900953,29996544,35127296,35651584,145920,3395431
60000000,29760728,29802496,35127296,35651584,87552,3788072
62000000,29633547,29644288,35651584,34865152,263680,4159477
64000000,29495914,29492224,35651584,34865152,184832,4528022
66000000,29368689,29351424,35651584,34865152,92672,4888207
68000000,29360650,29334016,34865152,35389440,130560,5137910
70000000,29424949,29399040,34865152,35127296,86528,5314763
72000000,29470111,29468160,34078720,35651584,50176,5498977
74000000,29670919,29736960,33292288,35913728,84992,5518841
76000000,29735664,29811200,33816576,35127296,37888,5689104
78000000,29803822,29858816,33554432,35127296,22528,5850834
80000000,29866934,29893632,34078720,34340864,28160,6009418
82000000,29932544,29908992,33030144,35127296,49152,6169600
84000000,29994506,29968896,32768000,35127296,50176,6308854
86000000,30079631,30053888,32505856,35127296,12800,6438257
88000000,30256496,30259712,32243712,34865152,133632,6459024
90000000,30376149,30384640,31981568,34865152,59392,6550827
92000000,30558332,30531072,31195136,35127296,244224,6561668
94000000,30655145,30590464,31457280,34603008,242688,6669143
96000000,30837688,30790144,30670848,35127296,126976,6664776
98000000,30873788,30840832,32505856,33030144,162816,6804292
100000000,30870461,30926336,31981568,33292288,182784,6964291
102000000,30809622,30817280,32505856,32768000,150016,7166954
104000000,30724101,30705664,32768000,32505856,128512,7385595
106000000,30624011,30609408,33292288,31981568,93184,7617269
108000000,30494427,30520320,33816576,31457280,57344,7871781
110000000,30364675,30349312,33292288,31981568,100352,8129533
112000000,30406407,30363648,32768000,32243712,210432,8225529
114000000,30471713,30425088,32768000,32243712,9216,8299999
116000000,30511643,30393344,32243712,32505856,161792,8401381
118000000,30575523,30451712,32243712,32243712,223232,8479837
120000000,30670175,30498816,31719424,32768000,41984,8519329
122000000,30733338,30536704,31457280,32768000,133120,8589286
124000000,30977120,30842880,30408704,33292288,219136,8477600
126000000,31233191,31102976,29622272,33816576,73728,8368985
128000000,31313164,31127040,31195136,31981568,180224,8420596
130000000,31350130,31134720,31457280,31719424,44544,8511630
132000000,31320935,31128576,31719424,31195136,217088,8636569
134000000,31261362,31101952,31457280,31457280,146432,8793422
136000000,31167234,30981120,31981568,30932992,180736,8974078
138000000,31180729,31002112,31457280,31457280,64512,9055815
140000000,31145990,30984704,31719424,30932992,254464,9180154
142000000,31164125,30983680,31457280,31195136,166400,9251107
144000000,31138966,30977024,31981568,30670848,69120,9380202
146000000,31068149,30922752,31719424,30932992,44544,9529867
148000000,31082663,30926336,31457280,30932992,218624,9599833
150000000,31073209,30906880,31981568,30408704,147968,9699399
152000000,31132461,30952448,31195136,31195136,12288,9730259
154000000,31196112,31078912,31195136,30932992,52736,9761840
156000000,31260881,31181312,30932992,30932992,114176,9795375
158000000,31322255,31252480,31195136,30408704,219136,9820017
160000000,31302749,31195648,31981568,29622272,190976,9924515
162000000,31130205,31021056,32768000,28835840,311808,10150819
164000000,31002994,30860288,32505856,29097984,409600,10341006
166000000,30996759,30855168,31719424,29884416,353792,10408169
168000000,31047101,30906368,30670848,30932992,233984,10426435
170000000,31229971,31104000,30670848,30670848,227840,10314221
172000000,31368431,31197696,29884416,31457280,51712,10258193
174000000,31439934,31287808,30670848,30408704,145920,10264514
176000000,31474224,31306240,30670848,30408704,57856,10299856
178000000,31505654,31340032,31195136,29622272,211456,10343178
180000000,31366442,31216640,32505856,28311552,286720,10530518
182000000,31222858,31042048,32243712,28573696,415744,10719670
184000000,31211414,31013376,31719424,29097984,391680,10783850
186000000,31144604,30979584,32243712,28573696,382976,10893156
188000000,31018035,30848512,33030144,27787264,471040,11062733
190000000,30890726,30704128,32768000,28049408,566272,11239194
192000000,30856025,30565376,32768000,28049408,657408,11321511
194000000,30812232,30540800,31981568,28835840,639488,11407800
196000000,30875921,30618624,32243712,28573696,507904,11397871
198000000,30815910,30585856,33030144,27787264,493568,11504986
200000000,30703083,30478336,32768000,28049408,571392,11647509
202000000,30760353,30561792,31457280,29360128,440832,11637343
204000000,30960211,30700544,30670848,30146560,260096,11479469
206000000,31047228,30817280,29884416,30932992,98816,11436996
208000000,31230246,31020032,30408704,30146560,108032,11304154
210000000,31350271,31184384,30408704,29884416,151040,11238913
212000000,31465750,31324160,30408704,29622272,224768,11172074
214000000,31529817,31428608,30670848,29360128,73728,11154599
216000000,31592453,31527424,30932992,28835840,189440,11139579
218000000,31618009,31559680,30670848,29097984,114688,11156519
220000000,31677005,31663104,30146560,29360128,226304,11144627
222000000,31740233,31803904,29884416,29622272,47104,11119799
224000000,31803837,31862784,29097984,30146560,202240,11104323
226000000,31905318,31985152,29097984,30146560,30720,11051994
228000000,32066136,32137216,27787264,31195136,88064,10943912
230000000,32166714,32268800,29097984,29622272,171008,10890950
232000000,32228460,32321024,28573696,30146560,71168,10876820
234000000,32298429,32389632,27787264,30670848,215040,10856515
236000000,32470576,32588800,28311552,29884416,222208,10740176
238000000,32459347,32605184,28573696,29622272,167424,10789805
240000000,32521565,32640512,28311552,29884416,97792,10761891
242000000,32583478,32718848,27787264,30146560,237056,10744522
244000000,32713122,32800256,27525120,30408704,104960,10665566
246000000,32774389,32887808,28049408,29622272,237568,10646283
248000000,32759769,32888320,28311552,29360128,206848,10691111
250000000,32789507,32844800,27525120,30146560,211968,10699773
252000000,32852485,32879104,27262976,30408704,135168,10679291
254000000,32917688,32924672,27262976,30408704,41984,10661704
256000000,32978775,33014272,27262976,30146560,170496,10644649
258000000,33036564,33127424,27787264,29622272,12288,10631916
260000000,33044769,33119744,27787264,29360128,251904,10653919
262000000,33017768,33070592,28049408,29097984,275968,10706008
264000000,32960419,33025536,27787264,29360128,304128,10780253
266000000,32968938,33055232,28049408,29097984,247296,10798870
268000000,32882868,32979456,29097984,28049408,301568,10906444
270000000,32865684,32953344,27787264,29360128,312320,10938988
272000000,32928191,33073664,27262976,29884416,166400,10902081
274000000,32991134,33105920,27262976,29884416,106496,10866786
276000000,33057151,33132032,27262976,29884416,46080,10835073
278000000,33165559,33230336,26214400,30670848,181760,10754825
280000000,33228267,33340928,26738688,30146560,35840,10727445
282000000,33297517,33398784,25952256,30670848,204288,10694035
284000000,33370256,33497088,25690112,30932992,70656,10656624
286000000,33545402,33679360,25165824,31195136,112640,10519366
288000000,33799394,33949696,24641536,31457280,53248,10316574
290000000,33884471,33979392,24903680,30932992,256000,10261193
292000000,33908780,34018816,25952256,29884416,191488,10261972
294000000,33971163,34082304,25165824,30670848,97280,10230309
296000000,33986948,34083840,25165824,30670848,74240,10236028
298000000,34049367,34182656,24641536,30932992,202240,10208937
300000000,34287008,34396160,23068672,32243712,211456,10010720
302000000,34566607,34658816,22020096,33030144,162816,9779249
304000000,34833400,34937856,22544384,32243712,97280,9561096
306000000,34979050,35062272,22282240,32243712,190464,9459990
308000000,35155851,35220992,22544384,31719424,248320,9328757
310000000,35310711,35381760,22020096,32243712,40960,9220489
312000000,35413917,35518464,21757952,32243712,122880,9160803
314000000,35530598,35598336,21495808,32243712,257536,9091738
316000000,35695609,35684352,21757952,31981568,119296,8978951
318000000,35682698,35670528,22806528,30932992,103936,9021046
320000000,35578810,35568128,22806528,30932992,194048,9137222
322000000,35464060,35447296,22806528,30932992,311808,9255044
324000000,35420480,35402240,22806528,30932992,352256,9303232
326000000,35316738,35266560,24117248,29622272,479744,9415166
328000000,35290301,35250688,23068672,30670848,487424,9449795
330000000,35358012,35317248,22282240,31457280,406528,9396420
332000000,35422228,35371520,22806528,30932992,335872,9348588
334000000,35419615,35421184,22806528,30932992,272384,9365025
336000000,35386688,35393536,24117248,29622272,289280,9408704
338000000,35259476,35246080,24117248,29622272,437248,9535404
340000000,35132132,35161088,24641536,29097984,522240,9662748
342000000,35004535,35063296,24641536,29097984,623104,9787273
344000000,34972025,35002368,23330816,30408704,688640,9815175
346000000,35093113,35120128,22282240,31457280,567296,9697671
348000000,35171571,35261440,22806528,30932992,419840,9625357
350000000,35301354,35375104,22544384,31195136,294400,9507350
352000000,35365912,35411968,22020096,31719424,246784,9453544
354000000,35440550,35478528,21495808,32243712,169472,9389658
356000000,35520393,35560960,22544384,31195136,78336,9318519
358000000,35585539,35601920,21495808,32243712,33792,9256957
360000000,35654825,35627520,22020096,31457280,259072,9198935
362000000,35716823,35669504,22020096,31457280,211456,9142569
364000000,35780949,35715072,21757952,31719424,155136,9089195
366000000,35845477,35809280,21233664,32243712,60416,9025179
368000000,35957244,35912704,20447232,32768000,224768,8907780
370000000,36075199,36110848,21495808,31719424,17920,8798529
372000000,36141225,36167680,20709376,32243712,227328,8728407
374000000,36153761,36247552,21757952,31195136,157696,8705631
376000000,36174504,36280320,20971520,31981568,154112,8655704
378000000,36165708,36284416,21495808,31457280,176640,8637876
380000000,36204071,36355072,21233664,31719424,122368,8583129
382000000,36267051,36421120,20447232,32505856,64000,8512469
384000000,36331863,36497920,19922944,33030144,1024,8433833
386000000,36535875,36738560,20447232,32243712,24576,8227773
388000000,36598042,36805120,19660800,32768000,237568,8148198
390000000,36661589,36837888,19922944,32505856,227328,8062123
392000000,36656114,36818432,20709376,31719424,276992,8037390
394000000,36629539,36825088,21233664,31195136,313344,8020957
396000000,36505180,36711424,22020096,30408704,476160,8096164
398000000,36395278,36584448,20971520,31457280,665088,8144114
400000000,36456244,36636672,20447232,31981568,664064,8031948
402000000,36519403,36762624,20185088,32243712,582144,7924757
404000000,36580585,36857344,19398656,33030144,520704,7830295
406000000,36642758,36936704,19922944,32505856,483328,7726138
408000000,36594879,36904448,20971520,31457280,575488,7714113
410000000,36469634,36773376,20709376,31719424,768512,7777406
412000000,36499765,36841984,19922944,32505856,767488,7679691
414000000,36559596,36883456,19922944,32505856,780288,7565588
416000000,36622642,36934144,19660800,32768000,782848,7449294
418000000,36688881,37021184,19398656,33030144,748544,7330319
420000000,36738701,37011456,20185088,32243712,802816,7235955
422000000,36678116,36972544,20447232,31981568,913920,7224348
424000000,36739957,37017600,20185088,32243712,934400,7096971
426000000,36758711,37002752,20447232,31981568,1008640,7018825
428000000,36779470,37080064,19398656,33030144,1007104,6922290
430000000,36842235,37117952,19136512,33292288,1022976,6805765
432000000,36887984,37191168,19660800,32768000,1018880,6690896
434000000,36819231,37130240,20709376,31719424,1161216,6678241
436000000,36693016,37069312,21233664,31195136,1298432,6728168
438000000,36566687,36982784,21233664,31195136,1465344,6774113
440000000,36440925,36886528,21233664,31195136,1658880,6802595
442000000,36440557,36881920,19922944,32505856,1745920,6720531
444000000,36504552,36972544,19922944,32505856,1731584,6580248
446000000,36568003,37051904,19922944,32505856,1732096,6436925
448000000,36474066,36922880,21233664,31195136,1952768,6439214
450000000,36346917,36817920,21233664,31195136,2153984,6470107
452000000,36220755,36689408,21495808,30932992,2390016,6488749
454000000,36124831,36587520,21233664,31195136,2574848,6501729
456000000,36186231,36661248,20709376,31719424,2585088,6356361
458000000,36241882,36734464,20185088,32243712,2593792,6218790
460000000,36392685,36830720,19398656,33030144,2551808,6013715
462000000,36543529,36945920,18612224,33816576,2499072,5800407
464000000,36720375,37076480,19922944,32505856,2430464,5561609
466000000,36606672,36936192,21233664,31195136,2662912,5583152
468000000,36482488,36818432,20709376,31719424,2882560,5605448
470000000,36432444,36715008,21757952,30670848,3077120,5564356
472000000,36300168,36531200,22020096,30408704,3341824,5615736
474000000,36174336,36396544,22282240,30146560,3566080,5651968
476000000,35945799,36127744,23330816,29097984,3921408,5793977
478000000,35812475,36006912,23330816,29097984,4124160,5845381
480000000,35531307,35682304,23855104,28573696,4537344,6037973
482000000,35403918,35536384,23855104,28573696,4785664,6062962
484000000,35276415,35434496,24379392,28049408,4966912,6111105
486000000,35266738,35364864,23068672,29360128,5119488,6037838
488000000,35328616,35425280,23068672,29360128,5127680,5907352
490000000,35388982,35469312,22544384,29884416,5158912,5771722
492000000,35493540,35533312,21233664,31195136,5166592,5595484
494000000,35682017,35761664,21495808,30932992,5007360,5337887
496000000,35783575,35822080,20971520,31457280,5012480,5170793
498000000,35854384,35927552,21233664,31195136,4981248,5025744
500000000,35910668,35979264,21495808,30932992,4997120,4901876
502000000,35968019,36040192,21495808,30932992,5000192,4780525
504000000,36143991,36193792,20447232,31981568,4911104,4540041
506000000,36206801,36242432,21233664,31195136,4923904,4415791
508000000,36248127,36275200,21233664,31195136,4948480,4317121
510000000,36228082,36237824,22282240,30146560,5047296,4275726
512000000,36148156,36224512,21757952,30670848,5144576,4271684
514000000,36043719,36057600,22020096,30408704,5381632,4305977
516000000,36092604,36070912,21757952,30670848,5434368,4191044
518000000,36105802,36087296,21757952,30670848,5492224,4103606
520000000,36156290,36093440,21233664,31195136,5542912,3996286
522000000,36221831,36122112,20971520,31457280,5573120,3871865
524000000,36328607,36234240,19660800,32768000,5511680,3714401
526000000,36494810,36391936,19398656,33030144,5404160,3498022
528000000,36746866,36669440,18874368,33554432,5174272,3198350
530000000,37001693,36907520,18350080,34078720,4975104,2904611
532000000,37120797,37033472,18874368,33554432,4879360,2755299
534000000,37183492,37058560,19398656,33030144,4883968,2662908
536000000,37233404,37161472,19660800,32768000,4819456,2574596
538000000,37143756,37095936,20709376,31719424,4935680,2613556
540000000,36926965,36864000,21233664,31195136,5232128,2765835
542000000,36798941,36677632,21757952,30670848,5479424,2832931
544000000,36517832,36418048,22282240,30146560,5807104,3045944
546000000,36374793,36269568,22544384,29884416,6010368,3134199
548000000,36248188,36113920,22806528,29622272,6223360,3203460
550000000,36035590,35904000,22806528,29622272,6492160,3357178
552000000,36036924,35889152,21495808,30932992,6553600,3309252
554000000,36099621,35938816,21495808,30932992,6553600,3196891
556000000,36163088,36015616,20709376,31719424,6526976,3083248
558000000,36225968,36064256,21495808,30932992,6523392,2975312
560000000,36140243,35979776,22544384,29884416,6652416,3016493
562000000,36013836,35833344,22282240,30146560,6843904,3097844
564000000,35948120,35768832,22282240,30146560,6954496,3117480
566000000,35964667,35762688,21495808,30932992,7004160,3057413
568000000,35972179,35768832,23068672,29360128,7035904,3012013
570000000,35782967,35608576,23855104,28573696,7246848,3150537
572000000,35655781,35485696,23855104,28573696,7408640,3238811
574000000,35520763,35295744,23592960,28835840,7633408,3339013
576000000,35393318,35184640,23592960,28835840,7795200,3415770
578000000,35267500,35065344,24903680,27525120,7949824,3506260
580000000,35052001,34852864,25427968,27000832,8205312,3678751
582000000,34912404,34726400,24903680,27525120,8372736,3777388
584000000,34824326,34658816,24903680,27525120,8477184,3828602
586000000,34762304,34561024,24117248,28311552,8607744,3857856
588000000,34794384,34591232,25427968,27000832,8606208,3797104
590000000,34621032,34412032,26476544,25952256,8821248,3934616
592000000,34487324,34283520,26214400,26214400,8982528,4035556
594000000,34436735,34249216,25165824,27262976,9050624,4052353
596000000,34389765,34225152,25427968,27000832,9105408,4068603
598000000,34291319,34068480,25427968,27000832,9294848,4134281
600000000,34211631,33945088,26738688,25690112,9446912,4185297
602000000,34122205,33857536,26476544,25952256,9571840,4237347
604000000,33994914,33737728,26738688,25690112,9728512,4327774
606000000,33868661,33622528,26738688,25690112,9877504,4420235
608000000,33873034,33679872,25952256,26476544,9851392,4384630
610000000,33884731,33630720,27262976,25165824,9928704,4344773
612000000,33739120,33516032,28049408,24379392,10064384,4469392
614000000,33473544,33235456,28573696,23855104,10375168,4704760
616000000,33324347,33105408,28835840,23592960,10532864,4826309
618000000,33145254,32963072,28573696,23855104,10691584,4989018
620000000,33008511,32877056,29360128,23068672,10800640,5102721
622000000,32853884,32687104,28835840,23592960,11011584,5236356
624000000,32726165,32564224,29097984,23330816,11158016,5340523
626000000,32517639,32331264,30408704,22020096,11417088,5522937
628000000,32349506,32174592,30146560,22282240,11593216,5671614
630000000,32246459,32089600,29360128,23068672,11697152,5755717
632000000,32302458,32169984,29360128,23068672,11634176,5682310
634000000,32199939,32093184,29622272,22806528,11730432,5765373
636000000,32212321,32120832,29622272,22806528,11720192,5735583
638000000,32181212,32126976,29360128,23068672,11734016,5746724
640000000,32214274,32110592,29360128,23068672,11763712,5700350
642000000,32275907,32119808,29097984,23330816,11767808,5625405
644000000,32189250,32025600,29884416,22544384,11886592,5687486
646000000,32185342,32056832,29622272,22806528,11872768,5673986
648000000,32248586,32121856,28835840,23592960,11820032,5598454
650000000,32310044,32196608,29360128,23068672,11758592,5523684
652000000,32357558,32260096,28835840,23592960,11712000,5459274
654000000,32421284,32344576,28573696,23855104,11639808,5383260
656000000,32483745,32399872,28311552,24117248,11598848,5306463
658000000,32620306,32593408,26476544,25952256,11420672,5154542
660000000,32804007,32827904,27262976,25165824,11197440,4959577
662000000,32866005,32897024,28049408,24379392,11143168,4882731
664000000,32907817,32937984,27000832,25427968,11111936,4831191
666000000,33050760,33123840,26476544,25952256,10934784,4679544
668000000,33112278,33128960,27000832,25427968,10940416,4607274
670000000,33179114,33195008,27262976,25165824,10882048,4532758
672000000,33169093,33257472,27525120,24903680,10827776,4534587
674000000,33181049,33274368,27262976,25165824,10823168,4510343
676000000,33243962,33330176,27262976,25165824,10777088,4437702
678000000,33306950,33393152,27000832,25427968,10723840,4364986
680000000,33234040,33275392,27525120,24903680,10856448,4423048
682000000,33230905,33223680,27000832,25427968,10915840,4418503
684000000,33295242,33362944,26738688,25690112,10782208,4348534
686000000,33228926,33298432,28311552,24117248,10858496,4403074
688000000,33102749,33146880,28049408,24379392,11017216,4522083
690000000,32930745,32915456,29097984,23330816,11260416,4682311
692000000,32783155,32769536,29360128,23068672,11417600,4818637
694000000,32699645,32675840,28573696,23855104,11520512,4892931
696000000,32672042,32663040,29097984,23330816,11538432,4915414
698000000,32543628,32515584,29622272,22806528,11692032,5037684
700000000,32417770,32386560,30146560,22282240,11827712,5156886
702000000,32290758,32259072,30408704,22020096,11963392,5275706
704000000,32147029,32107520,30146560,22282240,12122112,5412267
706000000,32079392,31986688,29884416,22544384,12251648,5471200
708000000,32098213,31968768,29884416,22544384,12276736,5445211
710000000,32142075,31987200,29884416,22544384,12267008,5392645
712000000,32124641,31960064,29622272,22806528,12303360,5400863
714000000,32114789,31964160,29097984,23330816,12302336,5407643
716000000,32180935,32057856,29360128,23068672,12211200,5338937
718000000,32255936,32159232,28049408,24379392,12116480,5257280
720000000,32324944,32251904,28835840,23592960,12027392,5184688
722000000,32351902,32285696,29884416,22544384,11998720,5152610
724000000,32228735,32172032,30146560,22282240,12121600,5266561
726000000,32065662,32023040,31195136,21233664,12276736,5423490
728000000,31873723,31790592,31981568,20447232,12515328,5609285
730000000,31684879,31609344,31981568,20447232,12702208,5792497
732000000,31504642,31479808,31457280,20971520,12836864,5967614
734000000,31393231,31361024,31195136,21233664,12962304,6072369
736000000,31281915,31228928,32243712,20185088,13096448,6181637
738000000,31155417,31062528,32505856,20185088,13003776,6305063
740000000,31090795,30980096,31195136,21495808,13089792,6366101
742000000,31153392,31066112,30932992,21757952,13006848,6300432
744000000,31215287,31119872,30932992,21757952,12957184,6234441
746000000,31233624,31126528,30932992,21757952,12957184,6209448
748000000,31277496,31186432,31719424,20971520,12902400,6160456
750000000,31255336,31194624,31195136,21495808,12899328,6177496
752000000,31262044,31245312,31457280,21495808,12588544,6168740
754000000,31150493,31146496,31981568,20971520,12693504,6274147
756000000,31024210,31038976,32768000,20185088,12807168,6394286
758000000,30917156,30918144,32243712,20709376,12932608,6496732
760000000,30904970,30927872,31457280,21495808,12924928,6506870
762000000,30968805,30927872,31719424,21757952,12402688,6440987
764000000,31033707,31026176,31195136,22282240,12306432,6374037
766000000,31099420,31067648,31719424,21757952,12267008,6306276
768000000,31148096,31123456,30932992,23068672,11689984,6254528
770000000,31211342,31135744,30408704,23592960,11679232,6189746
772000000,31275026,31289856,30146560,23855104,11528192,6122990
774000000,31496784,31496704,29097984,24903680,11323392,5899184
776000000,31714713,31751680,28835840,25165824,11070464,5679207
778000000,31967072,31976960,28049408,26214400,10585088,5424800
780000000,32193598,32167424,28573696,25690112,10395648,5197250
782000000,32409451,32387584,27787264,26476544,10177024,4979861
784000000,32590357,32556032,27525120,26738688,10011136,4796395
786000000,32667099,32581120,27262976,27000832,9987584,4718117
788000000,32838757,32732672,27262976,27000832,9837056,4545435
790000000,32942646,32899584,27000832,27262976,9670144,4441546
792000000,33021743,32965120,26738688,27525120,9606144,4360913
794000000,33163896,33053184,27000832,27262976,9520128,4216712
796000000,33225879,33088512,27525120,26738688,9487360,4152169
798000000,33178674,33020416,28049408,26214400,9556992,4197838
800000000,33153501,33005056,27787264,26476544,9573376,4221987
802000000,33056085,32868864,28835840,25690112,9448960,4317867
804000000,32939945,32788480,28049408,26476544,9531904,4431447
806000000,32817165,32672768,29622272,24903680,9650688,4551155
808000000,32692834,32486912,29622272,24903680,9839616,4672414
810000000,32566704,32359936,29622272,24903680,9968640,4796496
812000000,32456559,32233984,29360128,25165824,10098176,4903057
814000000,32452295,32293888,28573696,25952256,10041344,4904249
816000000,32534601,32394240,28049408,27000832,9418752,4819895
818000000,32520841,32425472,29360128,25690112,9389056,4832119
820000000,32396146,32319488,29884416,25165824,9496576,4955278
822000000,32268625,32149504,30670848,24641536,9410048,5077167
824000000,32141016,32059904,30146560,25165824,9502208,5202216
826000000,32014595,31992320,30408704,25165824,9309696,5326589
828000000,32005817,31974912,29884416,25690112,9332736,5329735
830000000,32055713,32066560,29622272,25952256,9245184,5275743
832000000,31936850,32007680,30670848,24903680,9306112,5392558
834000000,31860614,31945216,30146560,25427968,9374720,5462650
836000000,31822679,31938048,30408704,25427968,9121280,5499049
838000000,31802122,31906816,29884416,25952256,9155584,5516534
840000000,31864801,31969280,29097984,26738688,9100800,5446175
842000000,31931232,32042496,29097984,27000832,8769536,5375648
844000000,31996075,32080896,29622272,26476544,8737792,5304149
846000000,31951039,32046080,31195136,24903680,8780288,5341505
848000000,31822902,31949312,31195136,24903680,8885248,5461450
850000000,31696738,31823360,31719424,24379392,9017856,5580958
852000000,31488381,31635456,31195136,25165824,8954368,5778563
854000000,31509482,31653376,30146560,26214400,8943616,5750294
856000000,31459356,31639040,31719424,24903680,8710656,5785572
858000000,31333280,31497728,31195136,25427968,8862720,5900896
860000000,31393716,31540224,29884416,26738688,8829440,5831244
862000000,31422661,31598592,31195136,25427968,8780800,5792571
864000000,31369457,31532544,31457280,25427968,8598016,5832463
866000000,31264499,31449088,31195136,25952256,8437248,5919501
868000000,31157817,31322112,32243712,24903680,8583168,6007239
870000000,31028711,31194624,31981568,25165824,8734720,6112281
872000000,30903173,31091712,32243712,24903680,8855552,6219899
874000000,30780655,31003136,32505856,24903680,8705536,6318865
876000000,30651881,30862336,32768000,24641536,8867840,6426135
878000000,30568664,30748672,33554432,23855104,9008640,6482216
880000000,30456576,30644736,32768000,24641536,9142784,6564096
882000000,30555232,30730752,31195136,26214400,9077248,6444960
884000000,30742351,30959616,31719424,25952256,8614400,6229681
886000000,30806326,31024640,31195136,27000832,8049152,6141642
888000000,30825697,31036416,32768000,25690112,7801344,6096159
890000000,30686174,30850560,33816576,24641536,8018432,6204450
892000000,30518325,30649856,33554432,25165824,7998464,6330827
894000000,30389750,30554112,33554432,25427968,7872512,6418954
896000000,30296999,30455808,32768000,26214400,8001024,6481497
898000000,30291400,30392320,33030144,25952256,8108032,6443576
900000000,30357079,30474752,32505856,26476544,8062976,6340521
902000000,30419890,30578688,31981568,27000832,7994880,6241870
904000000,30481552,30671360,32768000,26476544,7670784,6149488
906000000,30357397,30598144,33816576,25690112,7524352,6231147
908000000,30229561,30434816,33554432,26214400,7468544,6315975
910000000,30112603,30332928,33816576,25952256,7616512,6386853
912000000,30102161,30272000,33554432,26214400,7711232,6363503
914000000,30121362,30276608,33554432,26476544,7485440,6303342
916000000,30060363,30235648,33816576,26214400,7578624,6312117
918000000,29968344,30141952,33816576,26476544,7456256,6358056
920000000,29967221,30180352,33292288,27000832,7464448,6312587
922000000,29980909,30197760,33292288,27000832,7485952,6259987
924000000,29949224,30209536,33816576,26476544,7526912,6238936
926000000,29909819,30149632,33292288,27000832,7636480,6228677
928000000,29936709,30176768,34603008,25690112,7645696,6165435
930000000,29810749,30084096,34340864,26214400,7540736,6226883
932000000,29717467,29993472,34078720,27000832,7166464,6260773
934000000,29690643,29949440,34603008,26476544,7268352,6229741
936000000,29531173,29825024,35913728,25427968,7186432,6333403
938000000,29365218,29662208,35651584,25690112,7410176,6438430
940000000,29302097,29653504,34603008,26738688,7475712,6444719
942000000,29362522,29687808,34603008,26738688,7493632,6332070
944000000,29406404,29744640,34340864,27000832,7481344,6243644
946000000,29471349,29803520,33816576,27525120,7470592,6130571
948000000,29589558,29954048,33030144,28311552,7370752,5961674
950000000,29659502,30059520,33554432,27787264,7315456,5841554
952000000,29612812,29984768,35127296,26214400,7442432,5836020
954000000,29484697,29841920,35127296,26214400,7634432,5914983
956000000,29356475,29745664,35127296,26214400,7794176,5979717
958000000,29360140,29724160,34865152,26476544,7867904,5923828
960000000,29253750,29649920,35127296,26214400,8000000,5972362
962000000,29298860,29708800,33816576,27787264,7735296,5870932
964000000,29487060,29928960,32768000,28835840,7556096,5641772
966000000,29654386,30116352,33292288,28311552,7415296,5427854
968000000,29717632,30218240,34078720,27525120,7352320,5325696
970000000,29759865,30287872,33816576,28049408,7072256,5231751
972000000,29644256,30131200,34603008,27525120,7009280,5304864
974000000,29557254,30062080,33816576,28311552,7131136,5339130
976000000,29576934,30134784,34340864,27787264,7107584,5270298
978000000,29541852,30090240,34078720,28049408,7199232,5258276
980000000,29548540,30066176,34340864,27787264,7263232,5211652
982000000,29492219,29996032,34865152,27525120,7116288,5222917
984000000,29365231,29859840,34865152,27525120,7300096,5302289
986000000,29298595,29770240,35127296,27262976,7424512,5334109
988000000,29188071,29630976,35651584,26738688,7601152,5407257
990000000,29147922,29558272,34865152,27525120,7717888,5403374
992000000,29209567,29598208,35127296,27525120,7449600,5307937
994000000,29197201,29641728,34865152,27787264,7441408,5284975
996000000,29250437,29690368,34603008,28049408,7427072,5197435
998000000,29313274,29771264,34865152,27787264,7380480,5100294
1000000000,29304472,29778944,35127296,27525120,7403520,5078376
1002000000,29178491,29654016,35389440,27262976,7570432,5162373
1004000000,29232968,29800960,34340864,28311552,7454208,5077176
1006000000,29243366,29782528,34865152,27787264,7505408,5034010
1008000000,29194957,29759488,34865152,27787264,7561216,5049651
1010000000,29083061,29585920,35651584,27000832,7759360,5136971
1012000000,28959581,29444608,36175872,26738688,7665664,5233315
1014000000,28831920,29364736,35913728,27000832,7778304,5328208
1016000000,28837126,29424640,35651584,27262976,7745536,5295866
1018000000,28775140,29365760,35913728,27000832,7831552,5330716
1020000000,28696079,29257728,34865152,28049408,7971840,5377521
1022000000,28756259,29331456,34865152,28049408,7922176,5293277
1024000000,28715308,29243904,35913728,27000832,8038400,5305556
1026000000,28708660,29226496,36438016,26476544,8081408,5286604
1028000000,28566777,29055488,37748736,25165824,8279040,5401863
1030000000,28488385,29046272,36175872,26738688,8310784,5457727
1032000000,28551012,29084672,35651584,27262976,8285696,5381788
1034000000,28535958,29045760,36700160,26214400,8342528,5378922
1036000000,28524324,29039616,36175872,26738688,8365568,5373660
1038000000,28589784,29064704,35913728,27262976,8097280,5289256
1040000000,28649571,29117440,35389440,27787264,8066048,5207965
1042000000,28524535,28971520,37748736,25427968,8237056,5307913
1044000000,28365573,28795392,37224448,25952256,8434688,5445371
1046000000,28239347,28660736,38010880,25165824,8588800,5552141
1048000000,28067261,28555776,39321600,23855104,8716800,5701187
1050000000,27837769,28353536,38535168,24641536,8939008,5910711
1052000000,27712195,28203520,38797312,24379392,9113600,6011709
1054000000,27590574,28084736,39583744,23592960,9253376,6112338
1056000000,27463990,27962880,38535168,24641536,9391104,6223050
1058000000,27392449,27877376,39059456,24117248,9495552,6275647
1060000000,27321782,27896832,38273024,24903680,9492992,6329418
1062000000,27305110,27871232,38797312,24379392,9533440,6331242
1064000000,27303953,27795968,39321600,23855104,9624064,6317039
1066000000,27279443,27809280,38797312,24379392,9628672,6323629
1068000000,27342780,27875328,38273024,24903680,9583104,6239812
1070000000,27449780,28005888,37486592,25690112,9469440,6115916
1072000000,27513266,28057600,38273024,24903680,9438208,6031950
1074000000,27454981,27958784,37748736,25427968,9553920,6073339
1076000000,27563357,28092928,36700160,26476544,9431552,5953187
1078000000,27705277,28233728,37486592,25690112,9305088,5796931
1080000000,27736435,28253184,38010880,25165824,9302016,5749389
1082000000,27684332,28251136,38273024,24903680,9321984,5783572
1084000000,27607677,28196864,37486592,25690112,9393664,5842819
1086000000,27672697,28237312,37224448,26214400,9112576,5756295
1088000000,27741936,28323328,36962304,26738688,8780800,5670672
1090000000,27802778,28334592,37486592,26214400,8784384,5594982
1092000000,27764331,28296192,38010880,25690112,8834560,5621653
1094000000,27777740,28331520,36962304,26738688,8823296,5584180
1096000000,27842113,28401664,37486592,26214400,8774656,5498303
1098000000,27815214,28339712,37486592,26476544,8595968,5503698
1100000000,27879399,28374016,37486592,26476544,8584704,5416473
1102000000,27773250,28257792,38535168,25427968,8723456,5500094
1104000000,27680585,28170240,38535168,25427968,8830976,5572791
1106000000,27549941,28018688,39059456,24903680,9009152,5676811
1108000000,27433214,27892736,39321600,24641536,9161216,5767426
1110000000,27337977,27812352,38797312,25165824,9262592,5841671
1112000000,27235021,27678720,39059456,24903680,9431552,5909299
1114000000,27109652,27487744,39583744,24379392,9655808,6001388
1116000000,26982443,27425792,39583744,24379392,9757696,6088661
1118000000,26857063,27343360,40370176,23592960,9881088,6173081
1120000000,26822104,27296256,39583744,24379392,9954816,6181416
1122000000,26870106,27295744,38797312,25427968,9722368,6104230
1124000000,26939853,27418112,38273024,25952256,9627136,6007347
1126000000,27046386,27478528,38010880,26214400,9597952,5869582
1128000000,27233848,27635712,37224448,27000832,9472512,5650376
1130000000,27383693,27788288,37486592,26738688,9351168,5469299
1132000000,27446432,27803136,37486592,26738688,9368576,5374304
1134000000,27522516,27868160,37748736,26476544,9335296,5266476
1136000000,27587309,27968000,38273024,25952256,9278976,5158163
1138000000,27639241,28061696,38010880,26476544,8960000,5069367
1140000000,27673524,28129792,38010880,26476544,8936448,4990540
1142000000,27709670,28231168,38010880,26476544,8876032,4913434
1144000000,27702357,28199936,38010880,26476544,8939008,4889003
1146000000,27644237,28108288,38273024,26214400,9078784,4898995
1148000000,27623152,28052992,38010880,26476544,9176064,4878096
1150000000,27541622,28008448,38273024,26214400,9262592,4917642
1152000000,27421672,27874816,39059456,25427968,9440256,4993560
1154000000,27376943,27832320,38010880,26476544,9521152,4999889
1156000000,27439622,27919872,38010880,26476544,9478144,4892666
1158000000,27504662,28010496,37748736,26738688,9430016,4785130
1160000000,27577761,28107776,37486592,27000832,9368064,4676703
1162000000,27707423,28234752,35913728,28835840,9018880,4507105
1164000000,27827044,28336128,36175872,28835840,8697344,4345500
1166000000,27987913,28461568,36175872,28835840,8610304,4146231
1168000000,28213450,28698112,34865152,30146560,8417280,3877174
1170000000,28466778,28943872,34340864,30670848,8219648,3575718
1172000000,28719934,29173248,34340864,30670848,8025088,3287746
1174000000,28815050,29317632,35389440,29884416,7661568,3149622
1176000000,28877699,29410816,35651584,29622272,7617024,3038333
1178000000,28834014,29339648,35651584,29622272,7732736,3037474
1180000000,28880570,29401088,35651584,29622272,7716864,2945350
1182000000,28944779,29391872,34340864,30932992,7771136,2836085
1184000000,29076024,29519360,34340864,30932992,7679488,2669000
1186000000,29144815,29583872,34078720,31195136,7657472,2557713
1188000000,29261378,29719040,33816576,31457280,7566848,2396606
1190000000,29361126,29824512,33816576,31981568,6982656,2251290
1192000000,29424523,29865472,34078720,31719424,6995456,2134133
1194000000,29435583,29887488,34340864,31457280,7014400,2082113
1196000000,29500580,30014464,34078720,31719424,6931968,1972572
1198000000,29504740,29992448,34865152,31195136,6731776,1928476
1200000000,29388296,29859840,35127296,30932992,6909952,1999352
1202000000,29263693,29780480,35127296,30932992,7023616,2089651
1204000000,29210325,29709824,35127296,31195136,6876160,2098987
1206000000,29161455,29658624,35127296,31195136,6963200,2112017
1208000000,29176360,29640192,34340864,32243712,6754816,2061784
1210000000,29239705,29721088,34078720,32505856,6716928,1955431
1212000000,29266676,29685760,34603008,31981568,6795264,1885452
1214000000,29330698,29735424,34340864,32505856,6521344,1783542
1216000000,29353385,29762560,34340864,32505856,6537728,1717335
1218000000,29417171,29852672,34340864,32505856,6484480,1616685
1220000000,29395144,29869568,34340864,32505856,6508032,1598264
1222000000,29444463,29915648,33554432,33292288,6496768,1514129
1224000000,29593500,30077440,32768000,34078720,6371840,1328228
1226000000,29789182,30242304,32768000,34340864,5972992,1104386
1228000000,29867723,30305792,33030144,34078720,5937152,998197
1230000000,29849652,30318592,34078720,33292288,5686272,992204
1232000000,29744876,30241280,34340864,33292288,5527552,1070868
1234000000,29636437,30106624,34340864,33292288,5683200,1158315
1236000000,29582594,30068224,34340864,33292288,5746688,1187070
1238000000,29518987,29988352,34078720,33554432,5849600,1227637
1240000000,29582704,30040576,33816576,34078720,5555712,1143440
1242000000,29724613,30238208,32505856,35389440,5373952,985659
1244000000,29791670,30338560,32768000,35127296,5293568,898634
1246000000,30006885,30576128,31981568,35913728,5071360,668059
1248000000,30094005,30675968,32243712,35651584,4977664,574795
1250000000,30124099,30706176,33554432,34603008,4690432,539581
1252000000,30063854,30657024,32768000,35389440,4757504,581906
1254000000,30125659,30671360,32505856,35913728,4494848,506277
1256000000,30148411,30694400,33292288,35127296,4475392,479941
1258000000,30157173,30714880,33292288,35127296,4463104,462987
1260000000,30216595,30787584,32243712,36175872,4394496,399469
1262000000,30434454,30968832,30932992,37486592,4198912,195946
1264000000,30532002,31057920,31457280,36962304,4077568,130654
1266000000,30597272,31160320,31457280,36962304,3938816,101736
1268000000,30696117,31181312,30932992,37748736,3620352,38219
1270000000,30774555,31239168,31195136,37748736,3254784,5349
1272000000,30836951,31284736,30932992,37748736,3410944,3369
1274000000,30866742,31279616,32243712,36438016,3372544,17098
1276000000,30881203,31245312,30670848,38010880,3399680,9805
1278000000,30976350,31299584,29884416,38797312,3258368,1698
1280000000,31203723,31519232,29884416,38797312,2810368,2677
1282000000,31312465,31667200,31719424,36962304,2542592,13743
1284000000,31184015,31527424,31981568,36962304,2420224,142193
1286000000,31087942,31468544,31457280,37486592,2479104,238266
1288000000,31023595,31450112,31719424,37224448,2497536,302613
1290000000,30940832,31361536,31719424,37224448,2586112,385376
1292000000,30902310,31330816,31719424,37224448,2616832,423898
1294000000,30848239,31268864,31719424,37224448,2678784,477969
1296000000,30864372,31340544,31981568,36962304,2607104,461836
1298000000,30743522,31197184,31981568,37224448,2488320,582686
1300000000,30708602,31163392,31981568,37224448,2522112,617606
1302000000,30640856,31065600,32768000,36438016,2619904,685352
1304000000,30527485,30968832,32243712,36962304,2716672,798723
1306000000,30494432,30930944,31981568,37224448,2754560,831776
1308000000,30497281,30950912,32505856,36962304,2472448,828927
1310000000,30533876,30998016,31719424,37748736,2425344,792332
1312000000,30623020,31081984,31195136,38273024,2341376,703188
1314000000,30820322,31359488,30146560,39321600,2061824,507934
1316000000,30907584,31438848,30408704,39321600,1713152,427840
1318000000,30958692,31561728,31457280,38273024,1573888,393116
1320000000,31008471,31636480,30670848,39059456,1486848,355625
1322000000,31072269,31744512,30932992,39059456,1091072,317427
1324000000,31054495,31740928,31719424,38273024,1079808,350049
1326000000,30928205,31689216,32505856,37486592,1131520,476339
1328000000,30759658,31496704,32768000,37224448,1324032,644886
1330000000,30633576,31408640,32768000,37224448,1412096,770968
1332000000,30507726,31243776,32768000,37224448,1576960,896818
1334000000,30381954,31148544,32768000,37224448,1672192,1022590
1336000000,30269366,31053824,33030144,36962304,1767424,1134666
1338000000,30153425,31027712,33554432,36438016,1793536,1250607
1340000000,30044727,30898688,32505856,37748736,1660416,1359305
1342000000,30107360,30989824,31719424,38535168,1569280,1296672
1344000000,30199787,31108608,30932992,39321600,1450496,1204245
1346000000,30307556,31225344,31719424,38535168,1333760,1096476
1348000000,30380609,31329792,31457280,38797312,1229312,1023423
1350000000,30445998,31361024,31981568,38273024,1198080,958034
1352000000,30512790,31447552,30670848,39583744,1111552,891242
1354000000,30662824,31580672,31195136,39059456,975872,743768
1356000000,30753353,31687168,30408704,39845888,863744,658871
1358000000,30815428,31772672,30408704,39845888,770048,604988
1360000000,30878294,31821312,30670848,39583744,710144,553386
1362000000,31014922,31959552,29097984,41418752,286720,439798
1364000000,31183738,32087040,29360128,40894464,385536,306822
1366000000,31249501,32146944,30408704,39845888,292864,273827
1368000000,31187547,32095744,30932992,39321600,334336,345509
1370000000,31122148,32033792,30408704,39845888,396288,410908
1372000000,31185403,32063488,30670848,39583744,364032,350213
1374000000,31234930,32157184,30146560,40108032,260608,310414
1376000000,31294710,32194560,30408704,39583744,451584,284426
1378000000,31183309,32095744,31457280,38535168,547328,398899
1380000000,31058302,31972352,31981568,38010880,670720,523906
1382000000,30932605,31846912,31457280,38535168,796160,649603
1384000000,30950885,31853568,30146560,39845888,789504,631323
1386000000,31041689,31992320,29884416,40108032,650752,540519
1388000000,31105374,32074752,30408704,39583744,566784,478370
1390000000,31167026,32114176,30670848,39321600,520704,423374
1392000000,31133131,32136192,30670848,39321600,498688,457269
1394000000,31095901,32098816,31457280,38535168,532992,497571
1396000000,30998068,32012800,31195136,38797312,619008,595404
1398000000,30921269,31973888,30932992,39059456,657920,672203
1400000000,30885404,31887872,30670848,39321600,743936,708068
1402000000,30946928,31968768,30670848,39321600,663040,646544
1404000000,30890801,31914496,31457280,38535168,717312,702671
1406000000,30766846,31787008,31981568,38010880,845312,826114
1408000000,30679617,31703040,31195136,38797312,929280,913343
1410000000,30658887,31638528,31195136,38797312,993792,934073
1412000000,30672059,31623168,30670848,39321600,1009152,920901
1414000000,30781616,31674368,30932992,39059456,957440,811856
1416000000,30800119,31643136,30932992,39059456,987648,794377
1418000000,30863397,31732224,30932992,39059456,893440,736219
1420000000,30951197,31801856,29360128,40632320,816128,656099
1422000000,31128368,31969280,31457280,38535168,632320,495312
1424000000,31001042,31859712,31981568,38010880,741888,622638
1426000000,30893453,31767552,31195136,38797312,834048,730227
1428000000,30822108,31726592,31457280,38535168,875008,801572
1430000000,30754929,31664640,31981568,38010880,936960,868751
1432000000,30720660,31650816,31457280,38535168,950784,903020
1434000000,30617700,31511040,32243712,37748736,1090560,1005980
1436000000,30491950,31333888,32243712,37748736,1267712,1131730
1438000000,30365453,31255040,32505856,37486592,1346560,1258227
1440000000,30291397,31200768,32505856,37486592,1400832,1332283
1442000000,30184230,31087104,33292288,36700160,1514496,1439450
1444000000,30111935,31003648,32768000,37224448,1597952,1511745
1446000000,30176294,31063040,32505856,37486592,1538560,1447386
1448000000,30127285,30957568,32768000,37486592,1381888,1496395
1450000000,30029057,30848000,33816576,36438016,1491456,1594623
1452000000,29905896,30687232,33554432,36700160,1652224,1717784
1454000000,29836886,30614016,33292288,36962304,1725440,1786794
1456000000,29897520,30691328,33030144,37224448,1648128,1726160
1458000000,29961117,30740992,33030144,37224448,1598464,1662563
1460000000,30026365,30763520,32505856,37748736,1575936,1597315
1462000000,29936374,30671872,33554432,36700160,1667584,1687306
1464000000,29862494,30641664,33292288,36962304,1697792,1761186
1466000000,29832433,30566912,33554432,36700160,1772544,1791247
1468000000,29735421,30437376,33816576,36438016,1902080,1888259
1470000000,29656460,30341632,34340864,35913728,1997824,1967220
1472000000,29527280,30206976,34603008,35651584,2132480,2096400
1474000000,29400449,30057984,35127296,35127296,2281472,2223231
1476000000,29288306,29922304,35127296,35127296,2417152,2335374
1478000000,29240891,29907456,34603008,35651584,2432000,2382789
1480000000,29149359,29830144,34865152,35389440,2509312,2474321
1482000000,29022017,29667328,35913728,34340864,2672128,2601663
1484000000,29021103,29634560,33816576,36438016,2704896,2602577
1486000000,29255458,29874688,32768000,37486592,2464768,2368222
1488000000,29611678,30277120,32243712,38010880,2062336,2012002
1490000000,29803204,30460416,32243712,38010880,1879040,1820476
1492000000,29960635,30626304,31981568,38273024,1713152,1663045
1494000000,30022389,30665216,33030144,37224448,1674240,1601291
1496000000,30019941,30640128,33816576,36438016,1699328,1603739
1498000000,29892843,30515712,34603008,35651584,1823744,1730837
1500000000,29714674,30321152,35389440,34865152,2018304,1909006
1502000000,29584945,30164992,34340864,35913728,2174464,2038735
1504000000,29627323,30236160,34078720,36175872,2103296,1996357
1506000000,29566812,30158848,34603008,35651584,2180608,2056868
1508000000,29482692,30024192,34865152,35389440,2315264,2140988
1510000000,29358861,29900288,35127296,35127296,2439168,2264819
1512000000,29307334,29830144,35127296,35127296,2509312,2316346
1514000000,29188863,29701632,35127296,35127296,2637824,2434817
1516000000,29235890,29731328,33816576,36438016,2608128,2387790
1518000000,29448838,29926400,32505856,37748736,2413056,2174842
1520000000,29557009,30071808,33292288,36962304,2267648,2066671
1522000000,29616759,30115840,33816576,36438016,2223616,2006921
1524000000,29570098,30081024,34603008,35651584,2258432,2053582
1526000000,29483914,29974016,34340864,35913728,2365440,2139766
1528000000,29550179,30057984,34078720,36175872,2281472,2073501
1530000000,29558629,30099456,34340864,35913728,2240000,2065051
1532000000,29495127,30066688,34340864,35913728,2272768,2128553
1534000000,29509179,30081536,34603008,35651584,2257920,2114501
1536000000,29420991,30035968,34340864,35913728,2303488,2202689
1538000000,29370986,29976064,34340864,35913728,2363392,2252694
1540000000,29435382,30040064,33554432,36700160,2299904,2187786
1542000000,29516276,30102016,33292288,36962304,2237952,2106892
1544000000,29616812,30243328,33292288,36962304,2096640,2006356
1546000000,29669049,30247424,33030144,37224448,2092544,1954119
1548000000,29773679,30398976,32505856,37748736,1940992,1849489
1550000000,29998150,30642688,31719424,38535168,1694720,1627578
1552000000,30139821,30785024,31981568,38273024,1552384,1485907
1554000000,30305197,30924800,31195136,39059456,1409536,1323603
1556000000,30428329,31109120,31195136,39059456,1222144,1203543
1558000000,30463242,31176192,32768000,37486592,1154048,1169654
1560000000,30335715,31095296,33030144,37224448,1234944,1297181
1562000000,30214407,30980608,33554432,36700160,1350656,1417465
1564000000,30042817,30777856,33554432,36700160,1553920,1588543
1566000000,29993034,30789120,32768000,37486592,1543168,1637814
1568000000,29915136,30726144,33554432,36700160,1606656,1715200
1570000000,29832102,30587392,34340864,35913728,1745408,1798234
1572000000,29707589,30489600,34340864,35913728,1843200,1922747
1574000000,29679487,30440448,33816576,36438016,1893376,1949825
1576000000,29580968,30354432,35651584,34603008,1980416,2047320
1578000000,29420268,30190592,35127296,35127296,2144768,2207508
1580000000,29274713,30091264,35913728,34340864,2246144,2351015
1582000000,29122111,29937664,34865152,35389440,2401280,2502081
1584000000,29104194,29896704,35127296,35127296,2442752,2519486
1586000000,29007453,29815296,35127296,35127296,2525184,2615203
1588000000,28974998,29729280,35913728,34340864,2613248,2645610
1590000000,28847595,29620736,36175872,34078720,2723328,2771477
1592000000,28721269,29477376,36175872,34078720,2868736,2895755
1594000000,28669525,29386752,35389440,34865152,2961920,2944939
1596000000,28738761,29431808,34865152,35389440,2917888,2874679
1598000000,28801281,29458944,35127296,35127296,2891776,2811135
1600000000,28817449,29489664,36175872,34078720,2863616,2792407
1602000000,28787597,29409280,36438016,33816576,2945536,2820723
1604000000,28661565,29319680,36700160,33554432,3038208,2943683
1606000000,28536024,29116416,37224448,33030144,3246080,3064616
1608000000,28399708,28969472,36962304,33292288,3395584,3198372
1610000000,28385092,28887040,35651584,34603008,3481088,3209916
1612000000,28447832,28948992,35913728,34340864,3422208,3144104
1614000000,28510747,28991488,35389440,34865152,3381248,3079653
1616000000,28574997,29031936,35127296,35127296,3344896,3011307
1618000000,28684050,29118464,35127296,35127296,3265024,2895598
1620000000,28826828,29198848,34340864,35913728,3190272,2747188
1622000000,28929937,29328896,34603008,35651584,3064832,2639471
1624000000,28991589,29372416,35389440,34865152,3025408,2573723
1626000000,28920549,29286400,36438016,33816576,3117056,2639131
1628000000,28795104,29196288,36175872,34078720,3210752,2760992
1630000000,28667423,29080064,36700160,33554432,3329536,2886113
1632000000,28633033,29019136,35913728,34340864,3398144,2912823
1634000000,28695094,29104128,35651584,34603008,3316224,2847690
1636000000,28663144,29110272,36175872,34078720,3314176,2875544
1638000000,28642536,29107200,36700160,33554432,3321344,2892056
1640000000,28644046,29010944,36175872,34078720,3423232,2884914
1642000000,28671062,29008896,36175872,34078720,3427840,2855338
1644000000,28568239,28847104,36962304,33292288,3593728,2954065
1646000000,28480563,28711936,36962304,33292288,3733504,3037133
1648000000,28474457,28669952,36962304,33292288,3780096,3038631
1650000000,28510639,28699136,36175872,34078720,3755008,2998353
1652000000,28574584,28684800,36438016,33816576,3776000,2927752
1654000000,28619888,28771840,35913728,34340864,3694080,2877328
1656000000,28631078,28824576,36700160,33554432,3646464,2861018
1658000000,28505105,28686336,37486592,32768000,3787776,2983919
1660000000,28544853,28707840,35389440,34865152,3773952,2936491
1662000000,28519564,28694528,37224448,33030144,3792384,2956660
1664000000,28392060,28521472,37748736,32505856,3968512,3081092
1666000000,28266703,28338688,38273024,31981568,4153856,3203889
1668000000,28155487,28209152,38010880,32243712,4289536,3308961
1670000000,28036540,28140544,38273024,31981568,4364800,3421252
1672000000,27923623,28031488,38273024,32243712,4216832,3529049
1674000000,27813075,27918848,38797312,31719424,4334592,3634477
1676000000,27688531,27755008,38797312,31719424,4504064,3753389
1678000000,27587692,27670016,39059456,31457280,4595200,3848084
1680000000,27606087,27686912,37486592,33030144,4583936,3824057
1682000000,27777047,27879424,37486592,33030144,4394496,3650025
1684000000,27842477,27927552,36962304,33554432,4355072,3575891
1686000000,27907298,28014080,36962304,33554432,4278272,3501342
1688000000,28150289,28244992,35389440,35127296,4054016,3251695
1690000000,28521781,28597760,34078720,36438016,3707392,2874059
1692000000,28821609,28869632,34340864,36175872,3441152,2568599
1694000000,29085993,29117952,33030144,37486592,3198464,2298583
1696000000,29345120,29434880,33030144,37486592,2885632,2035360
1698000000,29525576,29569024,34078720,36438016,2758656,1847736
1700000000,29587557,29618688,34078720,36438016,2717696,1777051
1702000000,29651793,29660160,34340864,36175872,2683392,1705647
1704000000,29692530,29720064,34340864,36175872,2630656,1657742
1706000000,29590099,29596672,35913728,34603008,2761728,1752493
1708000000,29457335,29432320,35651584,34865152,2935296,1876041
1710000000,29412726,29411328,35127296,35389440,2966016,1910922
1712000000,29441768,29439488,34340864,36175872,2945024,1874712
1714000000,29425135,29426176,35127296,35389440,2966016,1883665
1716000000,29459850,29495808,33816576,36700160,2908160,1837174
1718000000,29560135,29520384,34603008,35913728,2891776,1728697
1720000000,29556235,29526016,34865152,35651584,2897408,1721333
1722000000,29466679,29422080,34603008,35913728,3012608,1799625
1724000000,29532275,29527040,34340864,36175872,2915328,1726349
1726000000,29597704,29575680,33816576,36700160,2875904,1651704
1728000000,29694783,29606912,33292288,37224448,2852352,1546945
1730000000,29843368,29788672,33292288,37224448,2677760,1391192
1732000000,29801879,29728768,34340864,36175872,2748416,1421929
1734000000,29832501,29779968,34340864,36175872,2707456,1381067
1736000000,29835888,29767168,33816576,36700160,2728960,1368976
1738000000,29901496,29817344,33816576,36700160,2684928,1297224
1740000000,29980872,29874176,33554432,36962304,2633728,1212216
1742000000,30024266,29889024,33816576,36700160,2626560,1161142
1744000000,30085241,29969920,33554432,36962304,2553856,1091975
1746000000,30108633,30041600,33554432,36962304,2489856,1060903
1748000000,30030686,30001152,34078720,36438016,2541568,1127586
1750000000,29950157,29925376,33816576,36700160,2628608,1196851
1752000000,29993420,30000640,33816576,36700160,2564608,1142324
1754000000,29922565,29996544,34603008,35913728,2576384,1205499
1756000000,29796020,29809152,34865152,35651584,2774528,1321292
1758000000,29669930,29722624,34603008,35913728,2874368,1434070
1760000000,29546356,29581312,35127296,35389440,3027968,1545356
1762000000,29416361,29445632,36175872,34340864,3176960,1662039
1764000000,29323289,29339648,34340864,36175872,3294208,1743847
1766000000,29387891,29385728,34865152,35651584,3261952,1665421
1768000000,29437806,29405184,34603008,35913728,3253248,1604754
1770000000,29472758,29497856,34340864,36175872,3170304,1560074
1772000000,29523701,29497856,35127296,35389440,3183104,1496331
1774000000,29397375,29347328,35651584,34865152,3347968,1608321
1776000000,29269280,29197312,35651584,34865152,3502592,1731808
1778000000,29247295,29207040,35651584,34865152,3504640,1742017
1780000000,29137211,29152256,35913728,34865152,3313152,1836229
1782000000,29127976,29161984,35389440,35389440,3314176,1834712
1784000000,29089283,29147136,35913728,34865152,3343360,1859069
1786000000,29068507,29066752,35127296,35651584,3437568,1866021
1788000000,29130292,29134848,35127296,35651584,3377152,1796556
1790000000,29112462,29146624,35389440,35389440,3380224,1799538
1792000000,29177593,29242368,34865152,36175872,3036160,1720583
1794000000,29242594,29244928,35389440,35651584,3045376,1643806
1796000000,29169662,29189120,35651584,35389440,3112448,1705474
1798000000,29081310,29127168,35913728,35127296,3185152,1783074
1800000000,28952370,29020160,36175872,34865152,3307520,1896654
1802000000,28901663,28878848,34865152,36175872,3468288,1927905
1804000000,28969180,28950528,35127296,35913728,3405312,1851684
1806000000,29085170,29122048,34340864,36700160,3243008,1726478
1808000000,29207328,29220864,34603008,36438016,3157504,1591008
1810000000,29270674,29268992,34603008,36438016,3117568,1519470
1812000000,29334037,29298176,34078720,36962304,3101184,1443307
1814000000,29436789,29421568,33816576,37224448,2988032,1330315
1816000000,29498853,29438464,33554432,37486592,2981376,1258011
1818000000,29575682,29511168,34865152,36175872,2916352,1173502
1820000000,29627641,29601280,34603008,36438016,2832384,1115399
1822000000,29573044,29529088,35127296,35913728,2914304,1160268
1824000000,29464281,29361152,35913728,35127296,3094016,1257255
1826000000,29336854,29211648,36175872,34865152,3251200,1377002
1828000000,29268478,29167104,35389440,35651584,3302400,1438722
1830000000,29208470,29147648,35389440,35651584,3330560,1490026
1832000000,29298168,29190656,34340864,36700160,3294208,1393672
1834000000,29469874,29359616,33816576,37224448,3128320,1218894
1836000000,29627044,29520896,33554432,37486592,2975232,1053532
1838000000,29748204,29654016,33030144,38010880,2848256,926228
1840000000,30005223,29884928,31981568,39059456,2626048,660505
1842000000,30247374,30118912,32505856,38535168,2394624,415794
1844000000,30321887,30224896,32505856,38535168,2294272,335649
1846000000,30422997,30309376,31719424,39321600,2209280,235051
1848000000,30641142,30525440,30932992,40108032,1973248,36874
1850000000,30778798,30639104,31981568,39059456,1755136,3666
1852000000,30858187,30702592,31195136,39845888,1612800,3125
1854000000,30948157,30834176,30932992,40108032,1392128,2243
1856000000,31049340,30957056,31719424,39321600,1166848,3460
1858000000,31070764,30982144,31457280,39583744,1116160,7636
1860000000,31087966,31019520,31719424,39321600,1039360,29858
1862000000,31150169,31093248,30932992,40108032,923136,10151
1864000000,31355179,31254528,30146560,40894464,564736,2261
1866000000,31520306,31422464,29884416,40894464,491520,4558
1868000000,31591669,31489536,29360128,41418752,352256,5387
1870000000,31702577,31570432,30408704,40370176,159744,6095
1872000000,31732256,31578112,29884416,40894464,114688,13792
1874000000,31793526,31616000,29884416,40894464,11264,18058
1876000000,31718129,31522304,30932992,39583744,351744,108815
1878000000,31758690,31537152,29884416,40632320,333824,71326
1880000000,31823090,31529984,30408704,40108032,296960,50958
1882000000,31879977,31586816,29884416,40632320,185856,48343
1884000000,32007910,31754752,28573696,41680896,177664,22810
1886000000,32258186,31985664,27787264,41943040,242176,1398
1888000000,32517302,32251904,27787264,41418752,240640,1866
1890000000,32699296,32453120,27525120,41418752,115200,6240
1892000000,32924583,32683008,27000832,41418752,188416,2137
1894000000,32991901,32768000,27525120,40894464,22016,16227
1896000000,33047024,32827904,28049408,40108032,155136,30224
1898000000,33101883,32823296,27000832,41156608,91648,43461
1900000000,33162933,32936448,26738688,41156608,165888,57163
1902000000,33201282,33020928,27787264,40108032,20992,79230
1904000000,33137493,32962048,27262976,40632320,78848,144043
1906000000,33148246,33003520,28311552,39321600,276992,155818
1908000000,33021190,32864256,28835840,38797312,416256,282874
1910000000,32887844,32724992,29360128,38273024,555520,416220
1912000000,32686456,32541184,30670848,36962304,739328,617608
1914000000,32381942,32226816,30670848,36962304,1053696,922122
1916000000,32256164,32123392,30670848,36962304,1157120,1047900
1918000000,32136863,31930880,29884416,37748736,1349632,1167201
1920000000,32154607,31949312,29884416,37748736,1331200,1149457
1922000000,32216333,32011776,29360128,38273024,1268736,1087731
1924000000,32253356,32064512,29884416,37748736,1216000,1050708
1926000000,32125964,31905280,30146560,37486592,1375232,1178100
1928000000,32019251,31826432,30408704,37224448,1454080,1284813
1930000000,31932397,31749632,30408704,37224448,1530880,1371667
1932000000,31838817,31699456,30408704,37224448,1581056,1465247
1934000000,31786893,31636992,30932992,36700160,1643520,1517171
1936000000,31659930,31470080,31195136,36438016,1810432,1644134
1938000000,31535808,31321088,31981568,35651584,1959424,1768256
1940000000,31440936,31315456,31195136,36438016,1965056,1863128
1942000000,31358518,31277056,31981568,35651584,2003456,1945546
1944000000,31232055,31139328,31981568,35651584,2141184,2072009
1946000000,31171784,31095808,31981568,35651584,2184704,2132280
1948000000,31202638,31060480,31195136,36438016,2220032,2101426
1950000000,31265139,31113728,30932992,36700160,2166784,2038925
1952000000,31327314,31178240,31195136,36438016,2102272,1976750
1954000000,31274344,31147520,31719424,36175872,1870848,2029720
1956000000,31312372,31134208,31195136,36700160,1883648,1992204
1958000000,31235331,31059968,31195136,36700160,1957888,2069245
1960000000,31281395,31105024,31719424,36175872,1912832,2023181
1962000000,31282403,31127040,31457280,36438016,1890816,2022173
1964000000,31342812,31155712,31195136,36700160,1859072,1964836
1966000000,31377230,31177728,31457280,36438016,1833984,1933490
1968000000,31433532,31266304,31195136,36700160,1742848,1879748
1970000000,31322247,31156224,31719424,36175872,1852928,1991033
1972000000,31195199,31052288,32505856,35389440,1956864,2118081
1974000000,31109261,31015424,32505856,35389440,1993728,2204019
1976000000,30980631,30889984,33292288,34603008,2119168,2332649
1978000000,30876530,30845952,31981568,35913728,2163200,2436750
1980000000,30939590,30876672,31457280,36438016,2132480,2373690
1982000000,30981825,30949376,32243712,35651584,2059776,2331455
1984000000,30908250,30882304,31719424,36175872,2126848,2405030
1986000000,30869894,30859776,32243712,35651584,2149376,2443386
1988000000,30745298,30714368,33292288,34603008,2294784,2567982
1990000000,30619353,30542336,33554432,34340864,2466816,2693927
1992000000,30494092,30430208,33030144,34865152,2578944,2819188
1994000000,30442875,30391296,33292288,34603008,2617856,2870405
1996000000,30478727,30407680,32243712,35651584,2601472,2834553
1998000000,30544183,30426112,31719424,36175872,2583040,2769097
